policy,seed,reward,deliveries,total_orders,completion_rate,steps,throughput_per_100_steps,collisions,charge_visits,avg_order_cycle_time,dqn_loaded,load_errors
DQN,1234,591.6600000000001,5,5,100.0,69,7.246376811594203,1,0,36.8,True,
DQN,1235,542.9199999999998,5,5,100.0,48,10.416666666666668,1,0,28.4,True,
DQN,1236,-670.7999999999988,5,10,50.0,600,0.8333333333333334,298,2,126.8,True,
Greedy,1234,-29.399999999999746,0,10,0.0,600,0.0,0,0,0.0,True,
Greedy,1235,34.99999999999869,1,10,10.0,600,0.16666666666666669,1,0,16.0,True,
Greedy,1236,-21.999999999999936,0,10,0.0,600,0.0,0,0,0.0,True,
Random,1234,-1652.1999999999994,0,10,0.0,600,0.0,649,0,0.0,True,
Random,1235,-1609.2000000000003,0,10,0.0,600,0.0,563,0,0.0,True,
Random,1236,-1699.6000000000006,0,10,0.0,600,0.0,657,0,0.0,True,
